doc_id,label,num_sentences,total_tokens,unique_tokens,type_token_ratio,avg_token_length,hapax_legomena_ratio,pct_noun,pct_verb,pct_adj,pct_adv
0,1,1,246,113,0.459,5.11,0.264,0.203,0.179,0.118,0.045
1,0,1,422,166,0.393,4.455,0.232,0.197,0.133,0.095,0.047
2,1,2,214,70,0.327,4.575,0.173,0.168,0.182,0.107,0.042
3,1,1,392,241,0.615,5.628,0.472,0.304,0.14,0.122,0.056
4,1,1,242,131,0.541,5.025,0.397,0.306,0.14,0.087,0.058
5,0,1,565,256,0.453,4.612,0.301,0.283,0.122,0.074,0.03
6,1,1,163,111,0.681,4.982,0.558,0.252,0.135,0.117,0.049
7,1,1,137,91,0.664,5.394,0.518,0.248,0.102,0.153,0.051
8,1,1,106,77,0.726,4.745,0.566,0.245,0.142,0.132,0.038
9,1,1,346,244,0.705,5.864,0.555,0.277,0.147,0.098,0.081
10,0,1,320,143,0.447,4.097,0.263,0.206,0.119,0.069,0.053
11,0,5,194,124,0.639,3.928,0.448,0.216,0.139,0.072,0.041
12,0,3,353,161,0.456,4.263,0.272,0.176,0.153,0.071,0.068
13,0,1,450,226,0.502,4.722,0.329,0.264,0.136,0.107,0.073
14,1,1,216,85,0.394,4.398,0.204,0.167,0.139,0.079,0.051
15,1,1,340,247,0.726,5.047,0.579,0.262,0.179,0.112,0.062
16,0,2,917,314,0.342,4.774,0.232,0.251,0.106,0.079,0.035
17,0,1,507,212,0.418,4.535,0.292,0.229,0.13,0.061,0.037
18,0,4,331,173,0.523,4.695,0.326,0.205,0.16,0.091,0.063
19,1,1,123,80,0.65,5.211,0.447,0.309,0.138,0.073,0.033
20,0,3,487,171,0.351,4.115,0.179,0.136,0.179,0.086,0.062
21,0,2,379,166,0.438,4.488,0.293,0.211,0.119,0.084,0.04
22,0,1,513,139,0.271,4.415,0.119,0.195,0.136,0.113,0.029
23,1,1,348,256,0.736,5.532,0.589,0.282,0.121,0.095,0.078
24,0,1,514,269,0.523,4.49,0.377,0.245,0.132,0.066,0.066
25,1,1,123,60,0.488,4.561,0.293,0.244,0.106,0.065,0.041
26,0,1,399,176,0.441,4.832,0.298,0.281,0.12,0.118,0.028
27,0,1,309,163,0.528,4.356,0.366,0.22,0.097,0.107,0.058
28,0,1,439,206,0.469,4.688,0.298,0.237,0.118,0.084,0.066
29,0,2,521,175,0.336,4.451,0.186,0.194,0.148,0.056,0.042
30,0,3,489,167,0.342,4.241,0.182,0.219,0.151,0.08,0.049
31,1,1,515,195,0.379,5.054,0.235,0.237,0.14,0.095,0.039
32,1,1,332,141,0.425,4.807,0.226,0.235,0.157,0.102,0.045
33,1,1,220,124,0.564,4.927,0.405,0.218,0.159,0.073,0.023
34,1,1,474,238,0.502,5.283,0.348,0.323,0.133,0.116,0.036
35,1,1,359,262,0.73,5.565,0.593,0.248,0.136,0.131,0.089
36,0,1,282,137,0.486,4.571,0.298,0.234,0.191,0.028,0.021
37,0,1,183,87,0.475,4.77,0.279,0.246,0.18,0.071,0.016
38,0,1,428,113,0.264,4.185,0.11,0.187,0.168,0.138,0.042
39,1,2,288,125,0.434,4.861,0.26,0.25,0.142,0.094,0.076
40,0,1,349,118,0.338,3.728,0.169,0.166,0.149,0.103,0.029
41,0,2,285,119,0.418,3.968,0.218,0.2,0.091,0.077,0.084
42,0,7,1112,312,0.281,4.509,0.156,0.197,0.144,0.1,0.05
43,1,9,361,120,0.332,3.795,0.169,0.197,0.105,0.069,0.055
44,1,1,400,128,0.32,5.207,0.147,0.253,0.145,0.075,0.09
45,1,1,491,275,0.56,5.603,0.411,0.295,0.138,0.118,0.059
46,1,1,193,104,0.539,4.876,0.378,0.202,0.145,0.114,0.031
47,0,3,324,163,0.503,4.46,0.336,0.21,0.142,0.062,0.037
48,0,2,330,164,0.497,3.927,0.324,0.203,0.136,0.055,0.067
49,0,5,547,188,0.344,4.02,0.176,0.185,0.172,0.06,0.048
50,0,7,598,163,0.273,4.037,0.14,0.216,0.151,0.05,0.032
51,0,3,214,127,0.593,4.607,0.453,0.248,0.117,0.061,0.084
52,0,2,464,207,0.446,4.347,0.308,0.237,0.149,0.056,0.039
53,1,1,295,117,0.397,4.553,0.186,0.22,0.149,0.092,0.027
54,0,4,258,139,0.539,4.236,0.357,0.198,0.147,0.097,0.066
55,0,1,369,140,0.379,4.089,0.211,0.187,0.114,0.076,0.057
56,0,1,567,163,0.287,4.351,0.116,0.206,0.162,0.113,0.026
57,1,1,365,252,0.69,5.389,0.534,0.238,0.148,0.121,0.074
58,1,2,189,65,0.344,4.947,0.201,0.228,0.074,0.069,0.159
59,0,3,531,237,0.446,4.301,0.275,0.237,0.145,0.072,0.07
60,0,1,360,168,0.467,4.828,0.3,0.25,0.094,0.075,0.072
61,0,1,474,218,0.46,4.432,0.293,0.264,0.135,0.068,0.027
62,0,2,701,233,0.332,4.472,0.185,0.214,0.173,0.083,0.051
63,1,1,315,225,0.714,5.06,0.552,0.244,0.149,0.083,0.063
64,0,3,231,134,0.58,4.16,0.372,0.221,0.108,0.087,0.048
65,0,1,819,355,0.433,4.745,0.286,0.204,0.139,0.074,0.05
66,1,1,387,133,0.344,5.057,0.207,0.271,0.145,0.062,0.052
67,0,2,407,158,0.388,4.219,0.238,0.26,0.12,0.054,0.029
68,1,1,303,224,0.739,6.297,0.594,0.366,0.182,0.152,0.066
69,0,4,645,267,0.414,4.402,0.26,0.247,0.155,0.078,0.051
70,0,1,600,275,0.458,4.305,0.3,0.222,0.14,0.065,0.065
71,0,1,548,213,0.389,4.688,0.215,0.212,0.144,0.093,0.057
72,0,5,370,178,0.481,4.33,0.292,0.197,0.119,0.076,0.049
73,1,1,345,231,0.67,5.626,0.51,0.287,0.165,0.087,0.058
74,1,1,223,118,0.529,5.359,0.323,0.242,0.135,0.108,0.049
75,1,1,357,255,0.714,5.454,0.563,0.255,0.143,0.137,0.098
76,1,1,214,82,0.383,4.907,0.173,0.206,0.154,0.131,0.051
77,0,2,320,171,0.534,4.369,0.372,0.2,0.128,0.084,0.056
78,0,6,620,257,0.415,4.415,0.253,0.176,0.155,0.076,0.076
79,0,1,232,115,0.496,4.44,0.302,0.203,0.181,0.082,0.026
80,1,1,714,298,0.417,5.384,0.265,0.258,0.141,0.105,0.032
81,1,2,240,132,0.55,4.588,0.379,0.242,0.138,0.104,0.017
82,1,1,123,92,0.748,4.504,0.634,0.276,0.138,0.106,0.033
83,0,1,185,114,0.616,4.243,0.438,0.195,0.103,0.065,0.059
84,1,1,297,199,0.67,5.404,0.519,0.286,0.141,0.108,0.061
85,0,1,331,148,0.447,4.39,0.248,0.221,0.157,0.069,0.073
86,0,2,305,129,0.423,4.184,0.249,0.2,0.151,0.069,0.03
87,0,4,369,111,0.301,3.751,0.154,0.279,0.043,0.073,0.043
88,1,1,365,149,0.408,4.973,0.236,0.279,0.101,0.132,0.041
89,0,4,424,176,0.415,4.333,0.224,0.184,0.127,0.08,0.035
90,0,3,559,163,0.292,4.315,0.141,0.172,0.179,0.089,0.038
91,0,1,345,182,0.528,4.261,0.339,0.241,0.142,0.055,0.049
92,0,3,306,144,0.471,4.448,0.281,0.18,0.17,0.052,0.085
93,0,2,252,149,0.591,4.194,0.44,0.25,0.131,0.075,0.028
94,1,1,161,110,0.683,5.261,0.516,0.273,0.13,0.118,0.031
95,0,1,371,176,0.474,4.534,0.321,0.191,0.146,0.089,0.054
96,0,1,449,221,0.492,4.759,0.336,0.274,0.109,0.096,0.033
97,1,1,218,102,0.468,4.592,0.303,0.243,0.128,0.096,0.028
98,0,2,537,220,0.41,4.287,0.259,0.207,0.155,0.052,0.061
99,0,4,413,156,0.378,4.15,0.235,0.138,0.16,0.08,0.036
100,0,2,441,215,0.488,4.488,0.333,0.254,0.143,0.079,0.057
101,1,1,140,85,0.607,4.557,0.407,0.243,0.136,0.057,0.029
102,1,2,338,245,0.725,5.429,0.58,0.287,0.124,0.092,0.074
103,1,1,350,191,0.546,5.097,0.406,0.237,0.149,0.14,0.046
104,1,1,346,258,0.746,6.147,0.61,0.286,0.153,0.098,0.069
105,0,2,206,113,0.549,4.228,0.335,0.218,0.16,0.068,0.005
106,0,3,454,192,0.423,4.601,0.249,0.249,0.145,0.088,0.042
107,1,1,76,50,0.658,4.039,0.434,0.132,0.118,0.105,0.013
108,1,1,200,95,0.475,5.315,0.26,0.285,0.095,0.125,0.045
109,0,3,749,339,0.453,4.158,0.299,0.187,0.163,0.076,0.056
110,1,1,185,95,0.514,4.6,0.319,0.216,0.13,0.07,0.032
111,1,1,99,68,0.687,4.576,0.505,0.242,0.141,0.04,0.02
112,0,1,312,140,0.449,4.686,0.292,0.228,0.122,0.125,0.026
113,0,1,433,219,0.506,4.353,0.339,0.18,0.141,0.051,0.048
114,1,1,500,253,0.506,5.122,0.362,0.224,0.12,0.11,0.038
115,0,2,369,170,0.461,4.572,0.285,0.22,0.149,0.06,0.016
116,0,1,437,178,0.407,4.689,0.247,0.3,0.133,0.085,0.025
117,0,1,380,166,0.437,4.837,0.263,0.229,0.163,0.097,0.034
118,0,3,414,204,0.493,4.256,0.324,0.198,0.174,0.046,0.034
119,1,1,179,102,0.57,5.346,0.397,0.257,0.156,0.117,0.05
120,1,1,322,204,0.634,5.745,0.475,0.351,0.14,0.14,0.04
121,0,3,663,314,0.474,4.323,0.32,0.264,0.142,0.071,0.048
122,0,1,319,129,0.404,4.069,0.21,0.166,0.201,0.072,0.028
123,1,1,338,247,0.731,5.328,0.598,0.234,0.172,0.142,0.083
124,1,1,340,249,0.732,5.565,0.606,0.326,0.141,0.121,0.05
125,1,1,348,270,0.776,5.871,0.655,0.345,0.126,0.124,0.069
126,0,5,570,224,0.393,4.379,0.219,0.181,0.161,0.105,0.054
127,0,5,334,130,0.389,4.027,0.228,0.123,0.141,0.078,0.048
128,1,1,355,252,0.71,5.507,0.561,0.268,0.158,0.113,0.056
129,0,2,428,211,0.493,4.575,0.327,0.245,0.154,0.047,0.051
130,1,2,418,136,0.325,4.938,0.148,0.244,0.165,0.06,0.045
131,1,2,376,207,0.551,5.085,0.402,0.324,0.146,0.09,0.048
132,1,1,351,250,0.712,5.222,0.578,0.282,0.125,0.114,0.06
133,0,2,263,139,0.529,4.81,0.369,0.236,0.125,0.08,0.038
134,0,5,420,143,0.34,4.026,0.174,0.157,0.114,0.11,0.036
135,0,1,484,246,0.508,4.771,0.366,0.269,0.132,0.068,0.052
136,1,1,349,261,0.748,5.272,0.619,0.287,0.14,0.152,0.066
137,0,1,783,280,0.358,4.504,0.207,0.197,0.138,0.074,0.059
138,1,1,638,262,0.411,5.172,0.252,0.284,0.125,0.099,0.042
139,1,1,239,101,0.423,4.661,0.238,0.222,0.142,0.138,0.05
140,1,1,163,100,0.613,5.479,0.472,0.221,0.172,0.104,0.043
141,0,5,712,230,0.323,4.104,0.173,0.19,0.177,0.074,0.031
142,1,1,188,112,0.596,5.287,0.436,0.218,0.138,0.128,0.074
143,0,1,415,156,0.376,4.814,0.214,0.241,0.116,0.087,0.048
144,0,3,415,139,0.335,4.325,0.188,0.128,0.169,0.067,0.043
145,0,5,592,205,0.346,4.319,0.194,0.172,0.171,0.095,0.046
146,1,1,505,266,0.527,5.166,0.404,0.25,0.133,0.103,0.038
147,1,1,327,224,0.685,4.884,0.554,0.257,0.168,0.055,0.049
148,1,1,240,96,0.4,5.096,0.246,0.296,0.129,0.108,0.021
149,0,1,626,275,0.439,4.66,0.289,0.228,0.123,0.086,0.058
150,1,1,346,264,0.763,5.454,0.639,0.283,0.139,0.113,0.075
151,0,3,296,146,0.493,4.26,0.301,0.226,0.122,0.074,0.051
152,0,1,344,172,0.5,4.297,0.331,0.238,0.166,0.061,0.029
153,0,1,461,211,0.458,4.549,0.275,0.258,0.195,0.087,0.033
154,0,1,407,206,0.506,4.816,0.366,0.285,0.17,0.064,0.032
155,1,2,318,136,0.428,4.579,0.258,0.173,0.129,0.119,0.06
156,1,1,363,284,0.782,5.807,0.667,0.303,0.157,0.113,0.061
157,1,1,517,219,0.424,5.54,0.279,0.321,0.133,0.114,0.044
158,1,2,318,145,0.456,5.132,0.296,0.192,0.164,0.097,0.066
159,1,1,293,214,0.73,5.171,0.601,0.287,0.133,0.085,0.072
160,1,1,207,123,0.594,5.097,0.449,0.237,0.155,0.063,0.082
161,0,1,224,116,0.518,4.375,0.299,0.219,0.071,0.107,0.062
162,0,7,571,223,0.391,4.07,0.233,0.205,0.142,0.068,0.074
163,0,1,276,101,0.366,4.254,0.181,0.145,0.192,0.08,0.043
164,0,1,229,126,0.55,4.965,0.424,0.245,0.083,0.087,0.022
165,1,1,421,188,0.447,5.81,0.29,0.347,0.147,0.105,0.033
166,1,1,97,65,0.67,4.433,0.485,0.216,0.124,0.052,0.021
167,1,1,225,120,0.533,4.093,0.387,0.227,0.138,0.062,0.04
168,0,5,579,167,0.288,4.154,0.121,0.169,0.152,0.055,0.071
169,0,4,457,191,0.418,4.551,0.245,0.168,0.133,0.092,0.035
170,0,2,510,205,0.402,4.708,0.249,0.241,0.118,0.075,0.031
171,0,4,437,201,0.46,4.524,0.27,0.245,0.19,0.05,0.057
172,0,2,165,79,0.479,4.297,0.248,0.218,0.182,0.091,0.018
173,0,2,627,230,0.367,4.352,0.215,0.195,0.142,0.062,0.038
174,1,1,389,140,0.36,4.694,0.206,0.288,0.123,0.095,0.026
175,0,2,544,225,0.414,4.61,0.274,0.206,0.105,0.09,0.053
176,0,1,430,234,0.544,4.53,0.4,0.251,0.13,0.077,0.058
177,0,2,410,179,0.437,4.163,0.278,0.188,0.141,0.071,0.039
178,0,7,450,167,0.371,4.482,0.198,0.204,0.129,0.129,0.033
179,0,1,417,196,0.47,4.722,0.307,0.201,0.137,0.074,0.048
180,0,1,187,85,0.455,4.198,0.246,0.182,0.123,0.107,0.053
181,1,1,250,96,0.384,4.468,0.176,0.192,0.128,0.092,0.044
182,0,1,181,74,0.409,4.414,0.21,0.238,0.144,0.116,0.05
183,0,1,317,146,0.461,4.902,0.322,0.237,0.101,0.098,0.044
184,0,1,396,170,0.429,4.846,0.283,0.25,0.157,0.063,0.04
185,1,1,490,222,0.453,5.631,0.29,0.337,0.137,0.11,0.031
186,0,1,493,229,0.465,4.744,0.32,0.26,0.132,0.091,0.053
187,0,2,541,244,0.451,4.211,0.287,0.233,0.122,0.079,0.07
188,1,1,334,247,0.74,5.446,0.596,0.293,0.147,0.114,0.033
189,0,2,453,233,0.514,4.11,0.355,0.196,0.137,0.073,0.062
190,1,1,251,131,0.522,4.378,0.359,0.247,0.143,0.044,0.048
191,1,1,224,129,0.576,4.929,0.464,0.317,0.094,0.085,0.018
192,1,1,281,195,0.694,5.413,0.552,0.285,0.117,0.142,0.064
193,0,2,448,148,0.33,3.815,0.181,0.181,0.15,0.049,0.047
194,1,1,339,138,0.407,4.711,0.236,0.271,0.13,0.139,0.024
195,0,3,407,194,0.477,4.199,0.295,0.167,0.143,0.088,0.044
196,0,2,498,256,0.514,4.482,0.355,0.223,0.133,0.068,0.076
197,1,1,115,84,0.73,4.809,0.574,0.261,0.191,0.078,0.026
198,1,2,319,165,0.517,5.085,0.367,0.279,0.144,0.072,0.034
199,0,1,332,200,0.602,4.645,0.443,0.256,0.184,0.057,0.039
200,0,1,694,299,0.431,4.689,0.294,0.231,0.135,0.111,0.037
201,1,1,339,150,0.442,5.375,0.277,0.26,0.162,0.088,0.056
202,0,4,629,286,0.455,4.141,0.304,0.199,0.14,0.059,0.067
203,0,5,662,258,0.39,4.192,0.218,0.239,0.142,0.062,0.054
204,0,3,461,165,0.358,3.996,0.184,0.137,0.161,0.089,0.043
205,0,2,628,210,0.334,4.901,0.182,0.247,0.135,0.088,0.033
206,1,1,177,101,0.571,5.401,0.407,0.311,0.147,0.085,0.034
207,1,1,351,255,0.726,5.442,0.593,0.254,0.128,0.1,0.085
208,1,1,272,160,0.588,5.276,0.438,0.254,0.121,0.165,0.048
209,1,1,142,65,0.458,4.634,0.211,0.239,0.148,0.077,0.014
210,0,3,672,218,0.324,3.863,0.173,0.137,0.156,0.067,0.065
211,0,1,320,131,0.409,4.344,0.234,0.172,0.175,0.087,0.025
212,1,1,225,106,0.471,4.156,0.338,0.178,0.147,0.067,0.044
213,0,1,328,190,0.579,4.29,0.43,0.259,0.091,0.079,0.049
214,1,1,212,127,0.599,4.689,0.458,0.255,0.09,0.094,0.094
215,0,3,458,175,0.382,4.849,0.216,0.286,0.127,0.079,0.024
216,0,1,474,193,0.407,4.5,0.241,0.15,0.146,0.089,0.072
217,0,2,249,114,0.458,4.386,0.289,0.261,0.129,0.084,0.016
218,0,2,258,148,0.574,4.419,0.422,0.244,0.097,0.085,0.05
219,0,1,412,121,0.294,4.488,0.133,0.209,0.184,0.121,0.032
220,0,2,521,223,0.428,4.727,0.28,0.221,0.121,0.081,0.038
221,0,2,527,187,0.355,4.412,0.195,0.171,0.102,0.083,0.023
222,1,1,247,122,0.494,5.684,0.312,0.32,0.134,0.085,0.045
223,0,1,643,184,0.286,4.468,0.154,0.215,0.143,0.07,0.04
224,0,2,375,162,0.432,4.555,0.253,0.219,0.107,0.131,0.045
225,1,1,89,65,0.73,5.438,0.562,0.247,0.146,0.101,0.045
226,0,2,546,231,0.423,4.418,0.264,0.176,0.125,0.077,0.042
227,1,2,299,144,0.482,4.977,0.288,0.274,0.137,0.104,0.094
228,1,2,433,195,0.45,4.896,0.314,0.238,0.125,0.095,0.035
229,0,1,165,104,0.63,4.539,0.424,0.224,0.17,0.079,0.061
230,0,2,529,214,0.405,4.34,0.276,0.225,0.117,0.062,0.028
231,0,5,476,203,0.426,4.134,0.271,0.174,0.139,0.082,0.048
232,0,3,172,98,0.57,3.942,0.349,0.169,0.157,0.064,0.017
233,1,1,216,130,0.602,4.856,0.454,0.227,0.162,0.097,0.037
234,0,1,480,188,0.392,4.64,0.254,0.233,0.117,0.067,0.035
235,0,3,192,114,0.594,4.443,0.443,0.224,0.115,0.094,0.016
236,0,1,336,156,0.464,4.446,0.283,0.22,0.113,0.06,0.048
237,0,1,180,108,0.6,4.583,0.433,0.194,0.139,0.072,0.022
238,0,1,167,98,0.587,3.994,0.383,0.21,0.168,0.048,0.042
239,0,2,552,207,0.375,4.426,0.205,0.205,0.129,0.083,0.042
240,0,4,671,227,0.338,4.168,0.174,0.142,0.149,0.077,0.057
241,1,1,113,76,0.673,5.566,0.513,0.31,0.15,0.106,0.027
242,0,1,162,80,0.494,4.414,0.253,0.179,0.148,0.117,0.074
243,1,1,425,207,0.487,5.271,0.341,0.327,0.118,0.106,0.031
244,1,1,349,257,0.736,5.547,0.599,0.284,0.14,0.115,0.074
245,0,2,664,224,0.337,4.167,0.182,0.133,0.208,0.077,0.057
246,1,1,102,54,0.529,4.578,0.304,0.186,0.157,0.088,0.039
247,1,1,84,61,0.726,4.679,0.56,0.214,0.107,0.119,0.06
248,1,2,312,133,0.426,4.554,0.224,0.173,0.183,0.122,0.09
249,1,1,506,228,0.451,5.004,0.314,0.292,0.097,0.117,0.022
250,1,1,355,251,0.707,5.42,0.552,0.194,0.149,0.127,0.087
251,0,1,403,159,0.395,4.774,0.221,0.27,0.154,0.089,0.015
252,0,1,401,170,0.424,4.618,0.262,0.222,0.122,0.075,0.032
253,1,1,481,260,0.541,5.478,0.38,0.314,0.125,0.096,0.044
254,1,1,213,98,0.46,4.746,0.221,0.192,0.174,0.141,0.028
255,0,1,229,131,0.572,4.162,0.402,0.218,0.109,0.07,0.061
256,0,1,174,91,0.523,4.54,0.333,0.247,0.126,0.069,0.029
257,0,5,468,167,0.357,4.049,0.188,0.199,0.141,0.058,0.053
258,0,1,178,98,0.551,4.646,0.388,0.253,0.107,0.112,0.028
259,0,5,419,177,0.422,3.702,0.265,0.115,0.148,0.091,0.024
260,0,2,256,91,0.355,3.922,0.164,0.164,0.141,0.062,0.043
261,0,2,192,110,0.573,4.318,0.427,0.245,0.094,0.089,0.036
262,0,1,222,94,0.423,4.023,0.261,0.243,0.149,0.054,0.036
263,0,1,183,89,0.486,4.519,0.301,0.279,0.137,0.093,0.027
264,1,1,543,209,0.385,5.298,0.217,0.295,0.127,0.127,0.035
265,1,1,355,271,0.763,5.777,0.637,0.313,0.135,0.107,0.07
266,1,1,334,245,0.734,5.296,0.563,0.29,0.171,0.093,0.06
267,0,3,613,236,0.385,4.838,0.245,0.245,0.122,0.111,0.029
268,0,1,249,106,0.426,4.197,0.253,0.261,0.1,0.092,0.032
269,1,2,274,99,0.361,4.672,0.15,0.234,0.109,0.182,0.047
270,1,2,333,164,0.492,4.823,0.33,0.252,0.102,0.084,0.033
271,1,1,338,262,0.775,5.618,0.657,0.287,0.109,0.118,0.068
272,0,4,182,108,0.593,4.049,0.352,0.17,0.181,0.082,0.071
273,0,1,501,214,0.427,4.924,0.293,0.24,0.116,0.068,0.072
274,0,3,282,144,0.511,4.11,0.337,0.181,0.149,0.067,0.067
275,0,3,683,263,0.385,4.041,0.256,0.196,0.135,0.063,0.051
276,1,2,115,74,0.643,4.322,0.435,0.217,0.174,0.078,0.009
277,1,1,195,125,0.641,5.533,0.482,0.267,0.149,0.149,0.041
278,1,1,291,173,0.595,5.01,0.471,0.21,0.148,0.096,0.062
279,1,1,401,245,0.611,5.414,0.464,0.272,0.177,0.112,0.052
280,1,1,306,182,0.595,5.866,0.428,0.301,0.176,0.111,0.052
281,0,1,440,179,0.407,4.184,0.241,0.218,0.1,0.073,0.057
282,1,1,458,203,0.443,5.336,0.271,0.325,0.144,0.096,0.044
283,0,3,478,165,0.345,4.077,0.182,0.153,0.155,0.088,0.038
284,0,1,464,164,0.353,4.302,0.181,0.162,0.205,0.043,0.067
285,0,2,455,164,0.36,4.099,0.215,0.176,0.16,0.035,0.035
286,0,1,282,155,0.55,4.447,0.376,0.23,0.135,0.117,0.053
287,1,1,264,148,0.561,5.136,0.417,0.254,0.106,0.133,0.061
288,0,1,329,132,0.401,4.018,0.249,0.198,0.14,0.04,0.033
289,0,1,444,157,0.354,4.705,0.203,0.218,0.14,0.081,0.038
290,0,1,376,130,0.346,4.157,0.173,0.181,0.176,0.064,0.016
291,1,5,217,69,0.318,4.802,0.157,0.18,0.184,0.088,0.032
292,1,1,346,269,0.777,5.315,0.65,0.295,0.142,0.116,0.087
293,0,2,384,184,0.479,4.448,0.292,0.284,0.143,0.073,0.044
294,0,1,439,192,0.437,4.308,0.262,0.175,0.125,0.08,0.05
295,0,2,413,167,0.404,4.16,0.247,0.157,0.186,0.07,0.041
296,0,2,348,187,0.537,4.756,0.391,0.261,0.112,0.08,0.046
297,0,1,514,197,0.383,4.708,0.237,0.237,0.13,0.056,0.035
298,0,2,353,170,0.482,4.142,0.32,0.21,0.105,0.065,0.057
299,0,3,298,151,0.507,4.131,0.315,0.148,0.174,0.047,0.067
300,0,8,604,189,0.313,4.104,0.169,0.169,0.205,0.04,0.036
301,1,1,338,161,0.476,5.361,0.325,0.254,0.136,0.109,0.059
302,1,1,350,255,0.729,5.563,0.594,0.251,0.183,0.114,0.08
303,0,2,374,160,0.428,4.658,0.233,0.206,0.144,0.086,0.04
304,0,2,482,205,0.425,4.548,0.261,0.201,0.143,0.06,0.037
305,1,1,252,118,0.468,5.278,0.266,0.242,0.111,0.135,0.04
306,0,3,425,182,0.428,4.475,0.242,0.191,0.165,0.087,0.049
307,0,4,261,149,0.571,4.207,0.433,0.207,0.134,0.042,0.065
308,1,2,342,262,0.766,5.629,0.637,0.281,0.161,0.108,0.082
309,1,1,349,242,0.693,5.338,0.539,0.272,0.146,0.103,0.095
310,1,1,352,260,0.739,5.253,0.597,0.264,0.165,0.134,0.065
311,0,3,297,120,0.404,4.162,0.192,0.121,0.172,0.071,0.04
312,0,1,749,294,0.393,4.41,0.258,0.191,0.13,0.073,0.056
313,0,7,630,106,0.168,4.213,0.043,0.17,0.173,0.087,0.037
314,0,1,728,230,0.316,4.504,0.166,0.212,0.166,0.089,0.036
315,0,2,428,215,0.502,4.572,0.346,0.194,0.114,0.091,0.072
316,0,1,733,239,0.326,4.476,0.176,0.22,0.123,0.095,0.03
317,0,1,213,113,0.531,4.437,0.319,0.202,0.164,0.075,0.042
318,1,2,348,246,0.707,5.471,0.54,0.244,0.121,0.118,0.106
319,0,2,687,161,0.234,4.36,0.103,0.176,0.151,0.106,0.057
320,0,1,217,72,0.332,4.346,0.161,0.194,0.207,0.051,0.018
321,0,1,186,89,0.478,4.586,0.258,0.22,0.161,0.075,0.038
322,0,2,256,155,0.605,4.445,0.473,0.23,0.117,0.086,0.059
323,1,1,160,89,0.556,4.6,0.344,0.2,0.113,0.081,0.056
324,1,1,400,158,0.395,5.355,0.223,0.228,0.163,0.11,0.043
325,0,1,401,201,0.501,4.848,0.362,0.244,0.167,0.062,0.027
326,0,2,551,247,0.448,4.822,0.285,0.218,0.134,0.096,0.045
327,0,1,215,110,0.512,4.223,0.34,0.177,0.126,0.084,0.07
328,0,1,419,193,0.461,4.644,0.32,0.227,0.107,0.098,0.057
329,1,2,411,165,0.401,4.715,0.241,0.202,0.148,0.085,0.051
330,0,1,335,131,0.391,4.615,0.221,0.203,0.128,0.06,0.042
331,0,1,286,131,0.458,4.629,0.336,0.231,0.126,0.087,0.017
332,0,1,400,186,0.465,4.268,0.318,0.198,0.117,0.092,0.025
333,0,1,297,107,0.36,4.687,0.182,0.259,0.182,0.057,0.02
334,1,1,229,86,0.376,4.908,0.166,0.24,0.14,0.092,0.039
335,1,1,510,279,0.547,5.31,0.4,0.32,0.143,0.11,0.043
336,1,2,372,128,0.344,4.097,0.148,0.169,0.161,0.078,0.038
337,1,1,250,130,0.52,5.344,0.356,0.276,0.144,0.088,0.06
338,0,1,415,179,0.431,4.66,0.248,0.246,0.137,0.101,0.027
339,0,2,331,162,0.489,4.079,0.32,0.218,0.136,0.033,0.045
340,0,3,434,164,0.378,4.228,0.214,0.18,0.12,0.058,0.062
341,1,1,120,76,0.633,5.058,0.458,0.283,0.133,0.117,0.025
342,1,1,266,128,0.481,4.376,0.308,0.154,0.135,0.09,0.064
343,0,9,632,190,0.301,4.25,0.136,0.155,0.157,0.1,0.049
344,0,2,580,235,0.405,4.795,0.25,0.202,0.112,0.103,0.057
345,1,1,351,259,0.738,5.621,0.627,0.333,0.14,0.134,0.048
346,1,1,415,183,0.441,4.687,0.27,0.246,0.13,0.094,0.051
347,0,2,203,90,0.443,4.345,0.227,0.148,0.123,0.118,0.059
348,0,1,426,209,0.491,4.761,0.357,0.244,0.103,0.089,0.023
349,0,3,742,292,0.394,4.263,0.239,0.252,0.152,0.057,0.042
350,1,1,508,287,0.565,5.518,0.429,0.329,0.13,0.128,0.041
351,0,1,216,120,0.556,4.407,0.394,0.213,0.097,0.106,0.056
352,1,1,130,83,0.638,4.192,0.477,0.185,0.162,0.077,0.038
353,1,1,385,217,0.564,5.922,0.397,0.366,0.145,0.164,0.029
354,0,1,460,191,0.415,4.496,0.267,0.2,0.135,0.067,0.054
355,0,5,328,89,0.271,4.055,0.085,0.149,0.198,0.052,0.012
356,0,5,354,147,0.415,4.031,0.223,0.189,0.138,0.059,0.062
357,0,2,436,211,0.484,4.846,0.319,0.225,0.147,0.085,0.069
358,0,1,199,100,0.503,3.945,0.296,0.231,0.126,0.07,0.04
359,1,1,345,263,0.762,5.687,0.641,0.255,0.154,0.13,0.064
360,0,2,95,59,0.621,3.811,0.347,0.221,0.147,0.063,0.032
361,1,2,343,255,0.743,5.096,0.615,0.251,0.163,0.122,0.05
362,0,2,243,117,0.481,4.296,0.305,0.185,0.165,0.091,0.058
363,0,4,398,230,0.578,4.543,0.445,0.264,0.171,0.075,0.04
364,1,1,290,185,0.638,5.114,0.472,0.269,0.145,0.093,0.117
365,1,1,260,115,0.442,4.742,0.262,0.169,0.192,0.054,0.031
366,0,1,249,141,0.566,4.301,0.41,0.285,0.157,0.06,0.02
367,1,2,467,188,0.403,5.514,0.227,0.246,0.152,0.099,0.051
368,1,1,188,122,0.649,5.431,0.5,0.324,0.117,0.112,0.043
369,0,2,727,342,0.47,4.751,0.315,0.279,0.125,0.087,0.036
370,0,3,499,189,0.379,4.337,0.232,0.194,0.136,0.07,0.036
371,1,4,374,144,0.385,4.102,0.206,0.144,0.134,0.075,0.048
372,0,5,274,127,0.464,4.215,0.299,0.117,0.164,0.102,0.036
373,1,1,459,215,0.468,5.216,0.301,0.32,0.137,0.098,0.037
374,1,1,345,125,0.362,5.336,0.159,0.252,0.125,0.093,0.087
375,0,3,419,183,0.437,4.637,0.277,0.229,0.117,0.095,0.038
376,1,1,144,97,0.674,4.743,0.507,0.271,0.146,0.062,0.056
377,1,1,233,137,0.588,5.163,0.459,0.279,0.124,0.069,0.064
378,1,1,335,232,0.693,5.152,0.519,0.304,0.131,0.134,0.045
379,1,1,127,63,0.496,4.362,0.315,0.205,0.15,0.071,0.047
380,1,1,223,107,0.48,4.874,0.278,0.202,0.166,0.117,0.081
381,1,1,208,120,0.577,5.139,0.404,0.327,0.144,0.087,0.014
382,0,5,670,232,0.346,4.327,0.184,0.169,0.181,0.088,0.051
383,0,2,198,108,0.545,4.551,0.338,0.192,0.131,0.111,0.04
384,1,1,161,88,0.547,4.683,0.404,0.28,0.137,0.075,0.043
385,0,1,214,98,0.458,3.897,0.29,0.257,0.14,0.033,0.042
386,0,2,435,244,0.561,4.752,0.411,0.28,0.149,0.076,0.032
387,1,1,246,110,0.447,4.626,0.244,0.215,0.142,0.106,0.024
388,1,1,386,127,0.329,4.715,0.161,0.238,0.106,0.117,0.052
389,0,3,595,173,0.291,4.333,0.146,0.18,0.121,0.049,0.024
390,1,1,119,82,0.689,4.261,0.496,0.16,0.16,0.067,0.067
391,0,1,291,139,0.478,4.23,0.302,0.168,0.162,0.055,0.045
392,0,2,464,237,0.511,4.362,0.349,0.246,0.129,0.075,0.05
393,0,2,355,168,0.473,4.363,0.318,0.239,0.104,0.082,0.023
394,1,1,205,128,0.624,5.537,0.459,0.283,0.166,0.112,0.029
395,1,1,490,234,0.478,5.435,0.302,0.347,0.124,0.096,0.031
396,0,2,356,143,0.402,3.899,0.247,0.185,0.146,0.034,0.039
397,0,3,324,148,0.457,4.738,0.278,0.238,0.151,0.074,0.049
398,1,2,294,146,0.497,5.058,0.344,0.269,0.139,0.075,0.051
399,0,1,449,198,0.441,4.55,0.258,0.227,0.147,0.071,0.067
400,1,1,308,217,0.705,4.942,0.545,0.211,0.159,0.114,0.084
401,0,5,339,134,0.395,4.15,0.212,0.15,0.165,0.091,0.044
402,0,1,766,246,0.321,4.772,0.181,0.223,0.119,0.094,0.044
403,1,1,300,203,0.677,5.44,0.57,0.27,0.143,0.12,0.053
404,0,1,409,142,0.347,4.494,0.178,0.183,0.13,0.068,0.032
405,1,1,426,130,0.305,4.594,0.143,0.272,0.11,0.094,0.023
406,1,2,355,152,0.428,4.806,0.262,0.217,0.121,0.11,0.079
407,0,6,725,272,0.375,4.884,0.222,0.21,0.139,0.07,0.047
408,0,3,680,306,0.45,4.206,0.296,0.226,0.113,0.069,0.046
409,0,1,363,179,0.493,4.68,0.317,0.204,0.132,0.091,0.047
410,1,1,353,273,0.773,5.938,0.64,0.289,0.156,0.156,0.082
411,0,1,423,153,0.362,4.024,0.199,0.156,0.154,0.031,0.057
412,1,1,150,88,0.587,5.04,0.36,0.253,0.187,0.093,0.04
413,0,2,219,138,0.63,4.443,0.457,0.283,0.151,0.073,0.068
414,0,1,239,115,0.481,4.812,0.301,0.243,0.138,0.084,0.033
415,1,1,168,80,0.476,4.56,0.232,0.208,0.125,0.131,0.012
416,1,1,344,259,0.753,5.459,0.619,0.27,0.177,0.134,0.078
417,1,1,458,145,0.317,5.094,0.157,0.197,0.127,0.188,0.066
418,0,5,589,212,0.36,4.129,0.214,0.19,0.112,0.087,0.053
419,0,4,153,76,0.497,4.059,0.294,0.203,0.137,0.072,0.072
420,1,1,147,93,0.633,5.707,0.456,0.306,0.116,0.163,0.048
421,0,4,947,324,0.342,4.29,0.19,0.182,0.144,0.084,0.082
422,1,1,347,252,0.726,5.199,0.591,0.242,0.161,0.101,0.078
423,1,1,331,243,0.734,5.764,0.583,0.263,0.169,0.127,0.073
424,0,2,327,161,0.492,4.67,0.312,0.242,0.153,0.08,0.034
425,0,3,501,162,0.323,4.333,0.146,0.192,0.114,0.092,0.038
426,1,1,343,282,0.822,5.95,0.717,0.37,0.149,0.131,0.07
427,1,2,287,209,0.728,4.753,0.578,0.23,0.105,0.108,0.056
428,0,1,427,186,0.436,4.321,0.267,0.178,0.15,0.087,0.066
429,0,3,521,217,0.417,4.138,0.232,0.186,0.18,0.048,0.036
430,0,3,313,166,0.53,4.655,0.339,0.227,0.15,0.077,0.048
431,1,7,361,147,0.407,4.368,0.222,0.152,0.152,0.111,0.064
432,0,1,404,206,0.51,4.527,0.351,0.252,0.126,0.089,0.072
433,0,2,689,284,0.412,4.464,0.27,0.235,0.148,0.075,0.038
434,0,2,251,135,0.538,4.279,0.339,0.187,0.187,0.064,0.036
435,0,5,410,212,0.517,4.12,0.356,0.21,0.154,0.051,0.073
436,1,1,417,187,0.448,5.451,0.295,0.336,0.146,0.101,0.041
437,0,1,174,88,0.506,5.006,0.345,0.293,0.236,0.057,0.029
438,1,1,441,249,0.565,5.481,0.408,0.295,0.147,0.104,0.063
439,0,1,380,172,0.453,5.05,0.274,0.247,0.158,0.087,0.055
440,0,1,341,148,0.434,5.012,0.293,0.264,0.106,0.062,0.015
441,0,3,382,165,0.432,4.382,0.243,0.207,0.123,0.079,0.063
442,1,1,118,74,0.627,4.72,0.432,0.178,0.136,0.059,0.059
443,0,1,298,135,0.453,4.453,0.282,0.195,0.144,0.101,0.057
444,1,1,351,260,0.741,5.789,0.59,0.316,0.157,0.103,0.066
445,1,1,476,207,0.435,5.303,0.282,0.229,0.116,0.08,0.065
446,1,2,355,265,0.746,6.121,0.608,0.304,0.161,0.115,0.082
447,0,1,512,226,0.441,4.314,0.264,0.219,0.15,0.062,0.057
448,0,2,385,209,0.543,4.403,0.384,0.242,0.135,0.068,0.073
449,0,3,343,116,0.338,4.14,0.184,0.207,0.149,0.038,0.058
450,0,5,366,146,0.399,4.219,0.219,0.145,0.128,0.09,0.074
451,1,1,326,138,0.423,5.736,0.245,0.304,0.172,0.098,0.028
452,0,2,228,110,0.482,4.061,0.259,0.193,0.136,0.079,0.039
453,1,1,323,220,0.681,5.681,0.539,0.226,0.146,0.071,0.065
454,0,3,534,212,0.397,4.257,0.247,0.217,0.105,0.073,0.041
455,1,1,358,211,0.589,5.422,0.419,0.254,0.184,0.137,0.067
456,0,2,464,189,0.407,4.569,0.25,0.192,0.149,0.062,0.03
457,0,3,436,146,0.335,3.968,0.2,0.197,0.149,0.057,0.046
458,0,1,330,206,0.624,4.515,0.476,0.288,0.115,0.088,0.024
459,1,1,194,119,0.613,5.407,0.402,0.289,0.134,0.119,0.031
460,0,2,394,182,0.462,4.246,0.299,0.19,0.14,0.089,0.053
461,1,1,259,90,0.347,4.56,0.143,0.239,0.12,0.081,0.058
462,0,1,315,156,0.495,4.581,0.34,0.254,0.102,0.095,0.054
463,1,2,477,215,0.451,5.036,0.287,0.231,0.143,0.101,0.061
464,0,1,330,94,0.285,4.639,0.164,0.309,0.103,0.106,0.058
465,0,1,251,126,0.502,4.865,0.283,0.187,0.159,0.112,0.056
466,0,12,1073,314,0.293,3.772,0.164,0.171,0.161,0.045,0.086
467,0,3,610,302,0.495,4.23,0.341,0.197,0.133,0.052,0.056
468,0,1,419,237,0.566,4.864,0.396,0.248,0.143,0.119,0.045
469,0,1,597,281,0.471,4.481,0.308,0.258,0.126,0.072,0.025
470,0,2,818,394,0.482,4.405,0.335,0.241,0.138,0.078,0.033
471,0,3,542,214,0.395,4.172,0.22,0.181,0.166,0.085,0.037
472,1,1,223,112,0.502,4.803,0.327,0.256,0.175,0.072,0.018
473,1,2,341,240,0.704,5.469,0.548,0.29,0.17,0.12,0.076
474,0,1,743,243,0.327,4.821,0.182,0.221,0.122,0.07,0.054
475,0,2,234,148,0.632,4.684,0.483,0.312,0.098,0.085,0.051
476,0,3,364,137,0.376,4.022,0.181,0.129,0.184,0.06,0.074
477,0,3,324,130,0.401,4.466,0.207,0.213,0.117,0.099,0.028
478,0,3,445,199,0.447,4.297,0.265,0.2,0.164,0.072,0.085
479,0,3,539,255,0.473,4.208,0.31,0.195,0.148,0.059,0.063
480,0,1,383,163,0.426,4.473,0.277,0.258,0.185,0.076,0.052
481,0,2,286,128,0.448,4.364,0.262,0.224,0.115,0.077,0.056
482,1,1,105,41,0.39,4.181,0.124,0.133,0.143,0.114,0.029
483,1,1,267,136,0.509,4.948,0.352,0.24,0.15,0.094,0.015
484,1,1,140,82,0.586,4.771,0.386,0.243,0.086,0.121,0.071
485,1,1,337,124,0.368,4.54,0.196,0.196,0.163,0.089,0.062
486,0,2,386,150,0.389,4.161,0.194,0.132,0.184,0.083,0.057
487,0,7,787,291,0.37,4.461,0.205,0.166,0.174,0.07,0.052
488,0,5,253,116,0.458,4.123,0.292,0.209,0.154,0.028,0.028
489,0,4,269,124,0.461,4.115,0.271,0.152,0.13,0.067,0.104
490,1,2,378,128,0.339,4.704,0.172,0.267,0.111,0.119,0.045
491,0,4,665,220,0.331,4.057,0.171,0.155,0.182,0.066,0.065
492,0,3,500,247,0.494,4.588,0.348,0.27,0.132,0.088,0.038
493,0,2,708,340,0.48,4.871,0.342,0.268,0.144,0.09,0.032
494,1,1,282,135,0.479,5.025,0.238,0.33,0.131,0.074,0.025
495,0,1,215,113,0.526,4.167,0.344,0.223,0.153,0.047,0.042
496,0,2,749,316,0.422,4.607,0.278,0.218,0.17,0.087,0.051
497,1,1,354,249,0.703,5.475,0.568,0.212,0.178,0.079,0.088
498,1,1,361,283,0.784,5.28,0.654,0.283,0.136,0.105,0.089
499,0,1,539,240,0.445,4.262,0.271,0.212,0.124,0.104,0.054
500,1,2,165,88,0.533,4.036,0.327,0.133,0.164,0.091,0.055
501,0,1,172,110,0.64,4.599,0.477,0.221,0.128,0.081,0.029
502,0,4,544,138,0.254,4.022,0.123,0.219,0.169,0.057,0.037
503,0,3,452,217,0.48,4.445,0.316,0.21,0.139,0.062,0.082
504,0,1,575,201,0.35,4.534,0.203,0.237,0.141,0.066,0.047
505,0,5,315,165,0.524,4.359,0.352,0.194,0.184,0.032,0.063
506,0,1,297,132,0.444,4.455,0.249,0.168,0.189,0.064,0.024
507,1,1,288,120,0.417,4.562,0.264,0.236,0.104,0.094,0.028
508,0,1,490,206,0.42,4.645,0.245,0.204,0.167,0.09,0.059
509,0,5,757,282,0.373,4.676,0.239,0.21,0.14,0.069,0.046
510,1,2,578,238,0.412,5.24,0.249,0.28,0.138,0.112,0.017
511,1,1,226,133,0.588,5.221,0.42,0.239,0.137,0.133,0.075
512,0,1,508,160,0.315,4.205,0.152,0.159,0.167,0.083,0.061
513,1,3,173,86,0.497,4.977,0.231,0.237,0.156,0.087,0.081
514,0,1,367,206,0.561,4.706,0.428,0.281,0.109,0.071,0.03
515,0,10,653,265,0.406,4.315,0.242,0.172,0.158,0.055,0.043
516,0,3,459,230,0.501,4.477,0.353,0.268,0.135,0.063,0.041
517,0,7,276,139,0.504,3.808,0.293,0.152,0.138,0.058,0.043
518,0,1,433,224,0.517,4.799,0.37,0.229,0.129,0.085,0.067
519,1,1,386,169,0.438,5.648,0.264,0.35,0.127,0.111,0.039
520,1,2,216,100,0.463,4.824,0.255,0.255,0.144,0.088,0.019
521,0,2,245,132,0.539,4.31,0.359,0.2,0.143,0.037,0.082
522,0,2,669,300,0.448,4.656,0.314,0.259,0.148,0.057,0.048
523,1,1,182,72,0.396,5.214,0.214,0.258,0.181,0.126,0.044
524,0,2,357,163,0.457,3.989,0.286,0.224,0.104,0.09,0.05
525,0,3,460,204,0.443,4.567,0.261,0.196,0.165,0.07,0.059
526,1,3,273,148,0.542,4.579,0.381,0.183,0.147,0.084,0.062
527,0,5,167,77,0.461,4.18,0.251,0.162,0.156,0.048,0.042
528,1,1,228,110,0.482,4.794,0.246,0.175,0.136,0.092,0.083
529,0,6,645,253,0.392,4.274,0.251,0.205,0.121,0.082,0.053
530,1,1,314,232,0.739,5.395,0.605,0.306,0.124,0.092,0.073
531,0,3,232,119,0.513,4.185,0.319,0.211,0.181,0.086,0.043
532,0,1,370,183,0.495,4.524,0.305,0.203,0.162,0.078,0.065
533,0,1,345,171,0.496,4.716,0.304,0.252,0.122,0.093,0.072
534,1,1,416,176,0.423,5.531,0.25,0.351,0.156,0.094,0.029
535,1,1,424,159,0.375,5.663,0.198,0.285,0.177,0.087,0.028
536,0,1,515,180,0.35,4.388,0.184,0.256,0.122,0.076,0.016
537,0,1,332,147,0.443,4.699,0.283,0.241,0.13,0.081,0.027
538,0,2,397,167,0.421,4.194,0.237,0.191,0.131,0.083,0.028
539,0,7,335,147,0.439,3.964,0.239,0.134,0.167,0.075,0.06
540,0,1,529,232,0.439,4.951,0.278,0.246,0.149,0.083,0.047
541,0,2,286,170,0.594,4.85,0.437,0.245,0.14,0.094,0.024
542,0,3,1167,391,0.335,4.174,0.195,0.22,0.119,0.062,0.062
543,1,2,442,171,0.387,5.21,0.217,0.296,0.109,0.095,0.027
544,1,1,226,111,0.491,4.619,0.314,0.199,0.124,0.058,0.071
545,0,1,457,100,0.219,4.278,0.088,0.144,0.14,0.098,0.063
546,0,5,264,112,0.424,3.86,0.246,0.167,0.163,0.064,0.045
547,0,1,222,125,0.563,4.207,0.36,0.189,0.117,0.081,0.081
548,1,1,345,257,0.745,5.774,0.606,0.287,0.191,0.09,0.049
549,1,1,300,116,0.387,5.07,0.197,0.283,0.137,0.077,0.047
550,0,3,256,109,0.426,3.867,0.223,0.148,0.156,0.09,0.047
551,1,1,232,117,0.504,4.371,0.349,0.155,0.164,0.108,0.039
552,0,1,360,157,0.436,4.156,0.25,0.158,0.15,0.069,0.05
553,0,3,561,276,0.492,4.763,0.316,0.257,0.125,0.086,0.053
554,0,1,302,141,0.467,4.136,0.311,0.262,0.132,0.06,0.04
555,0,3,324,170,0.525,4.444,0.364,0.222,0.123,0.077,0.056
556,0,1,705,289,0.41,4.749,0.291,0.228,0.13,0.074,0.058
557,0,2,355,198,0.558,4.203,0.411,0.22,0.135,0.082,0.045
558,0,5,535,263,0.492,4.206,0.346,0.206,0.125,0.062,0.043
559,1,1,360,255,0.708,5.967,0.547,0.306,0.178,0.106,0.053
560,1,2,337,234,0.694,4.846,0.519,0.208,0.134,0.083,0.119
561,0,1,193,114,0.591,4.663,0.425,0.223,0.135,0.083,0.026
562,1,1,256,133,0.52,5.352,0.297,0.23,0.176,0.117,0.066
563,0,2,495,181,0.366,4.873,0.206,0.251,0.135,0.083,0.055
564,1,1,276,165,0.598,5.547,0.435,0.279,0.167,0.091,0.043
565,0,1,423,217,0.513,4.291,0.359,0.262,0.13,0.064,0.04
566,0,1,576,194,0.337,4.821,0.177,0.21,0.148,0.062,0.045
567,1,1,353,259,0.734,5.484,0.609,0.269,0.167,0.099,0.074
568,1,1,347,264,0.761,5.631,0.64,0.294,0.141,0.11,0.069
569,0,1,192,74,0.385,3.708,0.156,0.25,0.115,0.089,0.052
570,0,2,499,189,0.379,4.425,0.218,0.194,0.124,0.084,0.03
571,0,2,363,128,0.353,5.094,0.193,0.229,0.196,0.105,0.039
572,1,1,489,248,0.507,5.143,0.37,0.245,0.135,0.104,0.035
573,1,1,355,267,0.752,5.997,0.608,0.27,0.163,0.127,0.093
574,0,2,569,276,0.485,4.163,0.301,0.209,0.151,0.062,0.053
575,0,1,287,171,0.596,4.774,0.446,0.317,0.132,0.091,0.042
576,0,1,197,98,0.497,3.939,0.315,0.168,0.102,0.076,0.091
577,0,4,510,195,0.382,4.225,0.239,0.186,0.149,0.047,0.029
578,0,2,299,149,0.498,4.505,0.341,0.258,0.147,0.06,0.033
579,0,4,328,118,0.36,4.143,0.177,0.162,0.152,0.064,0.085
580,1,1,401,164,0.409,5.035,0.234,0.269,0.14,0.067,0.04
581,0,1,557,243,0.436,4.58,0.293,0.271,0.117,0.083,0.065
582,1,1,184,100,0.543,4.38,0.321,0.196,0.168,0.076,0.082
583,1,1,216,115,0.532,5.102,0.37,0.301,0.12,0.065,0.037
584,0,1,229,125,0.546,4.245,0.371,0.131,0.188,0.061,0.074
585,0,1,336,170,0.506,4.643,0.333,0.22,0.116,0.083,0.057
586,1,1,344,239,0.695,5.128,0.506,0.253,0.154,0.145,0.058
587,0,1,459,157,0.342,4.488,0.166,0.259,0.129,0.063,0.035
588,0,1,360,167,0.464,5.186,0.314,0.264,0.119,0.106,0.047
589,1,1,302,145,0.48,5.672,0.334,0.331,0.116,0.103,0.043
590,1,2,88,55,0.625,3.716,0.455,0.17,0.148,0.045,0.068
591,1,1,107,69,0.645,4.056,0.495,0.14,0.15,0.112,0.075
592,0,1,589,273,0.463,4.874,0.319,0.233,0.124,0.065,0.046
593,0,3,402,192,0.478,4.692,0.301,0.221,0.132,0.062,0.057
594,0,5,419,179,0.427,4.21,0.26,0.208,0.143,0.086,0.041
595,1,1,298,110,0.369,4.795,0.164,0.235,0.121,0.097,0.027
596,0,1,216,74,0.343,4.005,0.162,0.153,0.194,0.069,0.028
597,0,1,664,329,0.495,4.755,0.343,0.247,0.128,0.075,0.053
598,0,4,290,154,0.531,4.29,0.366,0.234,0.1,0.107,0.083
599,0,1,189,109,0.577,4.762,0.418,0.233,0.106,0.09,0.026
600,0,2,496,245,0.494,4.768,0.347,0.276,0.123,0.073,0.046
601,1,1,104,45,0.433,4.779,0.144,0.154,0.221,0.048,0.038
602,1,1,267,190,0.712,5.637,0.554,0.27,0.142,0.124,0.071
603,1,1,91,65,0.714,4.835,0.516,0.242,0.187,0.099,0.011
604,0,1,306,103,0.337,3.804,0.154,0.108,0.176,0.078,0.016
605,0,3,244,99,0.406,4.598,0.193,0.225,0.135,0.102,0.029
606,1,1,527,272,0.516,5.347,0.38,0.247,0.121,0.104,0.059
607,1,1,330,250,0.758,5.406,0.63,0.264,0.139,0.133,0.064
608,1,1,540,224,0.415,5.341,0.265,0.267,0.126,0.104,0.044
609,0,1,439,184,0.419,4.713,0.257,0.219,0.148,0.089,0.039
610,1,2,349,255,0.731,5.312,0.593,0.249,0.143,0.129,0.046
611,1,2,372,125,0.336,4.772,0.183,0.223,0.156,0.094,0.027
612,0,1,236,124,0.525,4.11,0.352,0.233,0.174,0.03,0.034
613,0,4,298,123,0.413,4.238,0.248,0.232,0.107,0.091,0.03
614,1,1,505,253,0.501,5.939,0.356,0.335,0.121,0.184,0.032
615,1,1,183,76,0.415,5.093,0.197,0.251,0.087,0.148,0.038
616,0,3,324,137,0.423,4.426,0.269,0.225,0.099,0.065,0.043
617,0,3,1024,275,0.269,4.167,0.122,0.174,0.147,0.066,0.028
618,1,1,230,134,0.583,4.687,0.413,0.23,0.152,0.096,0.048
619,0,5,386,158,0.409,4.122,0.249,0.176,0.13,0.062,0.031
620,0,1,456,199,0.436,4.465,0.287,0.215,0.11,0.083,0.053
621,0,2,300,180,0.6,4.437,0.417,0.28,0.14,0.067,0.063
622,0,2,314,148,0.471,4.462,0.271,0.204,0.15,0.086,0.041
623,1,1,335,260,0.776,5.34,0.654,0.287,0.17,0.093,0.066
624,1,1,352,257,0.73,5.741,0.591,0.273,0.159,0.114,0.091
625,1,1,285,186,0.653,5.323,0.498,0.295,0.133,0.112,0.067
626,1,2,223,83,0.372,4.507,0.193,0.206,0.135,0.049,0.058
627,1,1,311,209,0.672,5.82,0.502,0.264,0.158,0.154,0.055
628,0,2,213,105,0.493,3.742,0.296,0.164,0.155,0.099,0.038
629,0,3,174,96,0.552,3.885,0.397,0.247,0.115,0.075,0.04
630,0,2,923,339,0.367,4.45,0.238,0.212,0.119,0.095,0.051
631,1,3,599,272,0.454,5.202,0.301,0.265,0.14,0.093,0.023
632,1,1,436,242,0.555,5.665,0.406,0.296,0.133,0.131,0.06
633,1,1,162,91,0.562,5.154,0.383,0.278,0.142,0.123,0.031
634,0,2,538,228,0.424,4.757,0.26,0.277,0.132,0.089,0.037
635,1,1,218,101,0.463,4.532,0.271,0.271,0.119,0.092,0.032
636,1,1,360,255,0.708,5.714,0.533,0.25,0.169,0.128,0.086
637,0,10,695,264,0.38,3.74,0.219,0.168,0.154,0.042,0.062
638,0,1,363,161,0.444,4.468,0.275,0.168,0.165,0.085,0.036
639,0,1,401,193,0.481,4.476,0.307,0.254,0.147,0.077,0.027
640,0,1,282,138,0.489,4.22,0.291,0.199,0.142,0.05,0.074
641,0,2,258,131,0.508,4.721,0.341,0.24,0.116,0.081,0.043
642,0,1,323,155,0.48,4.31,0.297,0.17,0.17,0.065,0.043
643,1,1,180,72,0.4,4.694,0.211,0.139,0.194,0.094,0.039
644,0,2,424,222,0.524,4.429,0.358,0.252,0.111,0.094,0.064
645,0,3,291,140,0.481,4.0,0.289,0.148,0.203,0.086,0.058
646,0,2,543,246,0.453,4.42,0.295,0.169,0.133,0.079,0.05
647,0,2,536,207,0.386,4.233,0.237,0.183,0.157,0.062,0.049
648,0,13,394,157,0.398,3.761,0.234,0.129,0.137,0.058,0.086
649,0,2,355,168,0.473,4.33,0.313,0.175,0.132,0.096,0.037
650,0,7,400,195,0.487,4.598,0.315,0.225,0.147,0.058,0.058
651,1,1,394,180,0.457,5.381,0.322,0.266,0.117,0.142,0.051
652,0,1,717,257,0.358,4.541,0.204,0.212,0.106,0.092,0.07
653,1,1,87,54,0.621,4.149,0.402,0.207,0.126,0.069,0.011
654,0,3,683,161,0.236,4.05,0.107,0.117,0.136,0.067,0.092
655,1,1,325,230,0.708,4.975,0.551,0.265,0.138,0.123,0.046
656,0,2,332,175,0.527,4.425,0.361,0.205,0.163,0.069,0.033
657,0,7,353,123,0.348,4.04,0.176,0.139,0.156,0.057,0.034
658,1,1,344,270,0.785,5.419,0.669,0.23,0.128,0.108,0.058
659,1,2,541,230,0.425,5.248,0.264,0.244,0.14,0.109,0.037
660,0,2,333,169,0.508,4.607,0.375,0.207,0.12,0.093,0.03
661,0,2,578,210,0.363,4.374,0.225,0.182,0.159,0.061,0.04
662,1,1,245,137,0.559,5.024,0.408,0.224,0.171,0.098,0.029
663,0,3,405,221,0.546,4.326,0.4,0.235,0.123,0.067,0.067
664,1,1,318,148,0.465,5.654,0.292,0.245,0.179,0.104,0.06
665,0,3,739,152,0.206,4.206,0.074,0.172,0.135,0.078,0.061
666,0,1,346,124,0.358,4.107,0.162,0.214,0.116,0.055,0.029
667,1,1,63,51,0.81,4.841,0.635,0.19,0.127,0.063,0.048
668,0,5,506,176,0.348,4.079,0.176,0.166,0.198,0.063,0.036
669,0,2,183,102,0.557,4.027,0.344,0.213,0.148,0.071,0.055
670,0,2,410,229,0.559,4.305,0.41,0.256,0.102,0.093,0.046
671,1,1,282,217,0.77,5.521,0.642,0.312,0.135,0.121,0.046
672,0,1,207,130,0.628,4.614,0.454,0.353,0.111,0.082,0.039
673,1,1,279,122,0.437,4.778,0.251,0.233,0.122,0.104,0.043
674,1,1,339,114,0.336,4.773,0.133,0.257,0.086,0.083,0.032
675,0,3,270,129,0.478,3.77,0.304,0.207,0.119,0.048,0.085
676,0,3,880,341,0.388,4.269,0.245,0.206,0.147,0.077,0.057
677,0,1,485,221,0.456,4.577,0.313,0.219,0.161,0.08,0.062
678,0,1,173,107,0.618,4.341,0.445,0.272,0.11,0.064,0.052
679,1,1,349,237,0.679,5.734,0.521,0.292,0.149,0.097,0.06
680,1,2,209,84,0.402,4.756,0.206,0.148,0.11,0.158,0.086
681,0,1,198,125,0.631,4.495,0.439,0.242,0.141,0.081,0.056
682,1,1,462,209,0.452,5.528,0.277,0.34,0.154,0.113,0.028
683,0,1,421,174,0.413,4.344,0.238,0.209,0.164,0.067,0.045
684,0,3,246,105,0.427,4.122,0.268,0.215,0.085,0.106,0.049
685,0,2,543,225,0.414,4.753,0.263,0.278,0.151,0.057,0.035
686,1,1,538,216,0.401,5.266,0.227,0.264,0.1,0.152,0.052
687,0,8,536,245,0.457,4.16,0.3,0.226,0.157,0.058,0.047
688,1,1,273,86,0.315,4.366,0.114,0.245,0.139,0.048,0.051
689,0,3,818,302,0.369,4.163,0.219,0.226,0.134,0.05,0.05
690,1,1,454,224,0.493,5.011,0.333,0.236,0.159,0.099,0.057
691,0,1,635,208,0.328,4.331,0.159,0.231,0.154,0.058,0.033
692,0,1,164,108,0.659,4.482,0.482,0.171,0.146,0.055,0.061
693,1,1,334,242,0.725,5.437,0.59,0.263,0.111,0.114,0.057
694,0,1,352,164,0.466,4.841,0.253,0.256,0.134,0.077,0.071
695,0,1,593,196,0.331,4.128,0.17,0.125,0.164,0.057,0.057
696,1,2,251,122,0.486,4.809,0.351,0.223,0.124,0.159,0.084
697,0,2,496,149,0.3,4.526,0.143,0.226,0.145,0.077,0.042
698,0,1,589,272,0.462,4.542,0.285,0.261,0.154,0.056,0.037
699,1,1,254,136,0.535,5.134,0.374,0.26,0.15,0.118,0.02
